{"data/studentdata1.mat": 0.1077158047046329, "data/studentdata2.mat": 0.10782040648782135, "data/studentdata3.mat": 0.09560937709152319, "data/studentdata4.mat": 0.16144155958760556, "data/studentdata5.mat": 0.10734516785167644, "data/studentdata6.mat": 0.10236292106184001}