{"90": {"0.01": {"data/studentdata1.mat": 0.11864646935444528, "data/studentdata2.mat": 0.10814161835669707, "data/studentdata3.mat": 0.09184864230465367, "data/studentdata4.mat": 0.13999647359400913, "data/studentdata5.mat": 0.13165491633350837, "data/studentdata6.mat": 0.14068559734374983, "data/studentdata7.mat": 0.13794938356534645}, "0.1": {"data/studentdata1.mat": 0.10528367975171739, "data/studentdata2.mat": 0.11114876110643031, "data/studentdata3.mat": 0.09846152552100385, "data/studentdata4.mat": 0.14326002435174695, "data/studentdata5.mat": 0.12428726167990492, "data/studentdata6.mat": 0.10341175741068911, "data/studentdata7.mat": 0.15372954779166503}, "1": {"data/studentdata1.mat": 0.11117531827604903, "data/studentdata2.mat": 0.10858745789918309, "data/studentdata3.mat": 0.09458814011588633, "data/studentdata4.mat": 0.18495523796477, "data/studentdata5.mat": 0.11659313680009506, "data/studentdata6.mat": 0.10538420732928587, "data/studentdata7.mat": 0.11130555540073885}}, "100": {"0.01": {"data/studentdata1.mat": 0.10784513321390454, "data/studentdata2.mat": 0.10187385296820053, "data/studentdata3.mat": 0.09340648283617069, "data/studentdata4.mat": 0.12753740126468419, "data/studentdata5.mat": 0.18414157251505303, "data/studentdata6.mat": 0.1290113946121692, "data/studentdata7.mat": 0.10487503525898473}, "0.1": {"data/studentdata1.mat": 0.10894879130379206, "data/studentdata2.mat": 0.10955246989398888, "data/studentdata3.mat": 0.10193830224933698, "data/studentdata4.mat": 0.13847180883552512, "data/studentdata5.mat": 0.15671339087731026, "data/studentdata6.mat": 0.13480355550287984, "data/studentdata7.mat": 0.10441625469711593}, "1": {"data/studentdata1.mat": 0.10664343743438426, "data/studentdata2.mat": 0.11320632065459627, "data/studentdata3.mat": 0.09605399508856693, "data/studentdata4.mat": 0.17923271848068734, "data/studentdata5.mat": 0.12112426066876845, "data/studentdata6.mat": 0.10725328527779147, "data/studentdata7.mat": 0.15849567786383564}}, "110": {"0.01": {"data/studentdata1.mat": 0.11079324933929592, "data/studentdata2.mat": 0.1084424653609, "data/studentdata3.mat": 0.09714902213002213, "data/studentdata4.mat": 0.13811581772553508, "data/studentdata5.mat": 0.1284986029203148, "data/studentdata6.mat": 0.15560841847784973, "data/studentdata7.mat": 0.177906019308941}, "0.1": {"data/studentdata1.mat": 0.11042042840281997, "data/studentdata2.mat": 0.11011452244698215, "data/studentdata3.mat": 0.09367289615355993, "data/studentdata4.mat": 0.1336645309261747, "data/studentdata5.mat": 0.1226296754997377, "data/studentdata6.mat": 0.1339366930332845, "data/studentdata7.mat": 0.1207668713341946}, "1": {"data/studentdata1.mat": 0.10764271647677513, "data/studentdata2.mat": 0.10397300854605095, "data/studentdata3.mat": 0.10253712076177443, "data/studentdata4.mat": 0.16873220694837787, "data/studentdata5.mat": 0.11076714500830176, "data/studentdata6.mat": 0.11351469843836864, "data/studentdata7.mat": 0.18027420949750558}}, "120": {"0.01": {"data/studentdata1.mat": 0.10779916500647373, "data/studentdata2.mat": 0.10565605283291295, "data/studentdata3.mat": 0.10121856818349659, "data/studentdata4.mat": 0.1371769725250013, "data/studentdata5.mat": 0.1340264920095535, "data/studentdata6.mat": 0.1281570943100476, "data/studentdata7.mat": 0.1322605862146735}, "0.1": {"data/studentdata1.mat": 0.11021002674404518, "data/studentdata2.mat": 0.10909082240376697, "data/studentdata3.mat": 0.09818808344681877, "data/studentdata4.mat": 0.13463908611430725, "data/studentdata5.mat": 0.10678525207899853, "data/studentdata6.mat": 0.12971573730418842, "data/studentdata7.mat": 0.1343990690853252}, "1": {"data/studentdata1.mat": 0.10810045812313088, "data/studentdata2.mat": 0.10991157008337982, "data/studentdata3.mat": 0.09617947618028079, "data/studentdata4.mat": 0.15944295957463916, "data/studentdata5.mat": 0.11695370957624202, "data/studentdata6.mat": 0.12645880772466284, "data/studentdata7.mat": 0.1842435287778227}}, "130": {"0.01": {"data/studentdata1.mat": 0.10755423864306055, "data/studentdata2.mat": 0.10842085951695961, "data/studentdata3.mat": 0.09634449877977452, "data/studentdata4.mat": 0.12513826105934794, "data/studentdata5.mat": 0.14482786346769122, "data/studentdata6.mat": 0.11405667608654294, "data/studentdata7.mat": 0.11388014211990256}, "0.1": {"data/studentdata1.mat": 0.11014735782460426, "data/studentdata2.mat": 0.10548861790663636, "data/studentdata3.mat": 0.0922764121684022, "data/studentdata4.mat": 0.1308218589737946, "data/studentdata5.mat": 0.13615674882437848, "data/studentdata6.mat": 0.10599781207129237, "data/studentdata7.mat": 0.17225997952056013}, "1": {"data/studentdata1.mat": 0.10877844432729866, "data/studentdata2.mat": 0.10475993280905249, "data/studentdata3.mat": 0.09673324800376878, "data/studentdata4.mat": 0.15782138168341597, "data/studentdata5.mat": 0.1302790869922633, "data/studentdata6.mat": 0.1377461712391215, "data/studentdata7.mat": 0.15596263671285898}}}