{"ukf": [2.122187614440918, 3.038113832473755, 7.347473382949829, 6.095616817474365, 13.551497459411621, 3.0911128520965576, 3.7457404136657715], "pf_250": [4.18471622467041, 6.5966901779174805, 15.290533542633057, 11.408161163330078, 27.645663738250732, 6.7155797481536865, 7.957056045532227], "pf_500": [24.314761877059937, 11.882298707962036, 27.37560200691223, 21.17992329597473, 39.73758006095886, 13.012672185897827, 15.079881429672241], "pf_750": [41.13680076599121, 16.75106716156006, 39.87100839614868, 41.871434926986694, 25.82433319091797, 18.74186372756958, 22.3149197101593], "pf_1000": [54.936421632766724, 20.795268297195435, 52.73394703865051, 51.369911193847656, 32.980069398880005, 24.929226398468018, 29.0981662273407], "pf_2000": [106.50052428245544, 40.47004675865173, 102.51028442382812, 102.32530999183655, 65.54129004478455, 49.019779205322266, 57.33210039138794], "pf_5000": [197.1002254486084, 98.76893782615662, 215.06636118888855, 284.8532564640045, 161.06389260292053, 122.6496729850769, 140.87943816184998]}